Algorithm,alpha,l2_ratio,Temp,T_lag_1,T_lag_2,T_lag_3,E_lag_1,E_lag_2,E_lag_3,t_cos,t_sin,d_cos,d_sin,w_cos,w_sin,m_cos,m_sin,MAE train,MSE train,IA train,R2 train,MAE val,MSE val,IA val,R2 val,MAE test,MSE test,IA test,R2 test
LR-EN(1),0.000100023,0.000516307,1,0,0,0,0,0,0,0,0,0,0,0,0,0,0,0.121033587,0.024050402,0.984416816,0.940623559,0.13881689,0.168589109,0.908605247,-0.216131204,0.154279478,0.039762402,0.891793968,0.060032732
LR-EN(1),0.000100054,0.000260938,1,0,0,0,0,0,0,0,0,0,0,0,0,0,0,0.121033588,0.024050402,0.984416816,0.940623559,0.138816891,0.168589108,0.908605246,-0.216131074,0.154279479,0.039762402,0.891793968,0.060032768
LR-EN(1),0.000100025,0.000354563,1,0,0,0,0,0,0,0,0,0,0,0,0,0,0,0.121033586,0.024050402,0.984416816,0.940623559,0.138816888,0.168589108,0.908605248,-0.216131235,0.154279476,0.039762402,0.891793968,0.060032697
LR-EN(1),0.000100021,0.000234439,1,0,0,0,0,0,0,0,0,0,0,0,0,0,0,0.121033585,0.024050402,0.984416817,0.940623559,0.138816887,0.168589108,0.90860525,-0.216131298,0.154279473,0.039762402,0.891793968,0.060032651
LR-EN(1),0.000100035,0.002073581,1,0,0,0,0,0,0,0,0,0,0,0,0,0,0,0.121033595,0.024050402,0.984416814,0.940623559,0.138816905,0.168589117,0.908605232,-0.21613066,0.1542795,0.039762406,0.891793967,0.060033188
LR-EN(1),0.000100012,0.000207179,1,0,0,0,0,0,0,0,0,0,0,0,0,0,0,0.121033584,0.024050402,0.984416817,0.940623559,0.138816886,0.168589108,0.908605251,-0.216131367,0.154279472,0.039762402,0.891793968,0.060032613
LR-EN(1),0.000100028,0.000796954,1,0,0,0,0,0,0,0,0,0,0,0,0,0,0,0.121033588,0.024050402,0.984416816,0.940623559,0.138816893,0.168589111,0.908605244,-0.216131085,0.154279482,0.039762403,0.891793968,0.060032825
LR-EN(1),0.000100129,0.000322679,1,0,0,0,0,0,0,0,0,0,0,0,0,0,0,0.121033594,0.024050402,0.984416815,0.940623559,0.138816899,0.16858911,0.908605237,-0.216130552,0.154279491,0.039762403,0.891793969,0.060033041
LR-EN(1),0.000100024,0.00023143,1,0,0,0,0,0,0,0,0,0,0,0,0,0,0,0.121033585,0.024050402,0.984416817,0.940623559,0.138816887,0.168589108,0.90860525,-0.216131282,0.154279474,0.039762402,0.891793968,0.060032659
LR-EN(1),0.000100008,0.000161411,1,0,0,0,0,0,0,0,0,0,0,0,0,0,0,0.121033584,0.024050402,0.984416817,0.940623559,0.138816885,0.168589107,0.908605252,-0.216131404,0.154279471,0.039762402,0.891793968,0.060032589
LR-EN(1),0.000100051,0.001247753,1,0,0,0,0,0,0,0,0,0,0,0,0,0,0,0.121033592,0.024050402,0.984416815,0.940623559,0.138816899,0.168589113,0.908605238,-0.216130803,0.154279492,0.039762404,0.891793968,0.06003302
LR-EN(1),0.000100021,0.000127334,1,0,0,0,0,0,0,0,0,0,0,0,0,0,0,0.121033585,0.024050402,0.984416817,0.940623559,0.138816886,0.168589107,0.908605251,-0.216131331,0.154279472,0.039762402,0.891793968,0.060032622
LR-EN(1),0.000100116,0.001453068,1,0,0,0,0,0,0,0,0,0,0,0,0,0,0,0.121033598,0.024050402,0.984416814,0.940623559,0.138816908,0.168589115,0.908605229,-0.216130303,0.154279505,0.039762405,0.891793969,0.060033298
LR-EN(1),0.000100016,0.000118738,1,0,0,0,0,0,0,0,0,0,0,0,0,0,0,0.121033584,0.024050402,0.984416817,0.940623559,0.138816885,0.168589107,0.908605252,-0.216131369,0.154279471,0.039762402,0.891793968,0.060032602
LR-EN(1),0.000100289,0.000764187,1,0,0,0,0,0,0,0,0,0,0,0,0,0,0,0.121033609,0.024050402,0.984416812,0.940623559,0.13881692,0.168589114,0.908605216,-0.216129359,0.154279522,0.039762406,0.891793971,0.060033699
LR-EN(2),0.018164676,0.000261805,1,0,0,0,1,0,0,0,0,0,0,0,0,0,0,0.092212246,0.014247382,0.990930619,0.96505714,0.103977617,0.132525015,0.933405897,0.377818872,0.114631188,0.024136191,0.920396671,0.421869405
LR-EN(2),0.018197824,0.000115431,1,0,0,0,1,0,0,0,0,0,0,0,0,0,0,0.092214159,0.014247806,0.990930191,0.965056173,0.103977537,0.132524475,0.933407892,0.378033191,0.114630372,0.024134909,0.920402234,0.422000404
LR-EN(2),0.018304435,0.000120349,1,0,0,0,1,0,0,0,0,0,0,0,0,0,0,0.092219179,0.01424877,0.990929081,0.965053949,0.103977475,0.132521532,0.933412483,0.378554116,0.114628098,0.024131021,0.92041802,0.422342627
LR-EN(2),0.01830769,0.000120384,1,0,0,0,1,0,0,0,0,0,0,0,0,0,0,0.092219332,0.0142488,0.990929047,0.965053881,0.103977476,0.132521446,0.933412621,0.378569997,0.114628028,0.024130903,0.920418502,0.422353065
LR-EN(2),0.018373904,0.000269979,1,0,0,0,1,0,0,0,0,0,0,0,0,0,0,0.092221955,0.014249232,0.99092848,0.965052881,0.103977918,0.132519841,0.933414516,0.378822884,0.114627582,0.024129148,0.920425807,0.422511545
LR-EN(2),0.017970101,0.000123823,1,0,0,0,1,0,0,0,0,0,0,0,0,0,0,0.092203485,0.014245762,0.990932549,0.965060887,0.103977504,0.132530527,0.933398291,0.376917914,0.114635289,0.024143254,0.920368518,0.421268577
LR-EN(2),0.017962877,0.000116947,1,0,0,0,1,0,0,0,0,0,0,0,0,0,0,0.092203142,0.014245697,0.990932625,0.965061037,0.103977584,0.132530843,0.933397913,0.376881991,0.114635431,0.024143518,0.920367442,0.421245048
LR-EN(2),0.012447355,0.010413093,1,0,0,0,1,0,0,0,0,0,0,0,0,0,0,0.091962286,0.014202002,0.990985072,0.965161263,0.104031434,0.132734172,0.933127244,0.348187334,0.114794443,0.024364265,0.919530887,0.402917234
LR-EN(2),0.018023779,0.000174083,1,0,0,0,1,0,0,0,0,0,0,0,0,0,0,0.092205814,0.014246182,0.990932038,0.965059913,0.103977659,0.13252913,0.933400162,0.377154573,0.11463385,0.024141182,0.920376453,0.421431723
LR-EN(2),0.018295594,0.000124157,1,0,0,0,1,0,0,0,0,0,0,0,0,0,0,0.092218683,0.014248669,0.990929192,0.965054187,0.103977574,0.132521891,0.933411879,0.37850341,0.114628838,0.024131649,0.920415807,0.422300376
LR-EN(2),0.018324426,0.00016262,1,0,0,0,1,0,0,0,0,0,0,0,0,0,0,0.092219989,0.014248907,0.990928903,0.965053628,0.103977516,0.132520919,0.933413185,0.378635518,0.114627927,0.024130426,0.920420479,0.422395475
LR-EN(2),0.018413352,0.000211923,1,0,0,0,1,0,0,0,0,0,0,0,0,0,0,0.09222401,0.014249655,0.990928019,0.965051899,0.103977718,0.132518658,0.933416641,0.379046373,0.11462621,0.024127362,0.920432908,0.422663626
LR-EN(2),0.018019725,0.000119719,1,0,0,0,1,0,0,0,0,0,0,0,0,0,0,0.092205801,0.014246205,0.990932036,0.965059864,0.103977519,0.132529222,0.933400368,0.377161236,0.114634211,0.024141431,0.920375867,0.421428147
LR-EN(2),0.018422507,0.000105519,1,0,0,0,1,0,0,0,0,0,0,0,0,0,0,0.092224761,0.014249849,0.990927849,0.965051464,0.103977602,0.132518614,0.93341739,0.379128552,0.11462565,0.024126751,0.920435437,0.422720146
LR-EN(2),0.017978781,0.000217415,1,0,0,0,1,0,0,0,0,0,0,0,0,0,0,0.092203627,0.014245749,0.990932523,0.965060915,0.103977722,0.132530273,0.933398179,0.376920782,0.114635716,0.024143295,0.920368481,0.421267729
LR-EN(3),0.000101033,0.007102706,1,1,0,0,1,0,0,0,0,0,0,0,0,0,0,0.056355284,0.006208419,0.996052675,0.984414083,0.060337882,0.081692926,0.961541758,0.75115782,0.063253928,0.008091167,0.962466246,0.799101099
LR-EN(3),0.00010111,0.006890262,1,1,0,0,1,0,0,0,0,0,0,0,0,0,0,0.056355306,0.006208419,0.996052675,0.984414082,0.060337924,0.081692956,0.961541781,0.751157777,0.063253981,0.008091174,0.96246624,0.79910098
LR-EN(3),0.017281621,0.000200623,1,0,0,0,1,0,1,0,0,0,0,0,0,0,0,0.090317902,0.013650392,0.991349636,0.966582554,0.101637846,0.129900736,0.934619726,0.37623236,0.113387353,0.023970886,0.918872557,0.396763351
LR-EN(3),0.010264096,0.012508358,1,0,0,0,1,0,1,0,0,0,0,0,0,0,0,0.089936894,0.013571444,0.991423861,0.966761223,0.101714125,0.130100627,0.934306491,0.336648841,0.113601246,0.024279824,0.918012644,0.371686681
LR-EN(3),0.012278479,0.000349839,1,0,0,0,1,0,0,1,0,0,0,0,0,0,0,0.083678227,0.011818531,0.992500369,0.970908173,0.096938386,0.123473565,0.937859457,0.372586548,0.108814605,0.022261402,0.92407066,0.430978413
LR-EN(3),0.000102692,0.034504906,1,1,0,0,1,0,0,0,0,0,0,0,0,0,0,0.05635755,0.006208439,0.996052628,0.984414035,0.060342371,0.081696409,0.961543314,0.751147232,0.063260475,0.008092311,0.962465016,0.799079403
LR-EN(3),0.000154608,0.037940577,1,1,0,0,1,0,0,0,0,0,0,0,0,0,0,0.056382038,0.006208724,0.996052097,0.9844134,0.060388623,0.081730769,0.961563641,0.751065353,0.063323349,0.008102262,0.962455004,0.798896732
LR-EN(3),0.000108557,0.015065213,1,0,1,0,0,1,0,0,0,0,0,0,0,0,0,0.069431615,0.009046307,0.994244905,0.977410999,0.074611133,0.098383138,0.948372369,0.599249607,0.07852656,0.012312989,0.946469969,0.676706169
LR-EN(3),0.000105093,0.066491701,1,1,0,0,1,0,0,0,0,0,0,0,0,0,0,0.056360487,0.006208467,0.996052565,0.984413971,0.060348176,0.081700907,0.961545339,0.751133679,0.063268875,0.00809377,0.962463453,0.799051619
LR-EN(3),0.000100118,0.012057952,1,1,0,0,1,0,0,0,0,0,0,0,0,0,0,0.056355145,0.006208418,0.996052678,0.984414086,0.060337659,0.081692792,0.961541561,0.751157604,0.063253696,0.008091151,0.962466242,0.799101237
LR-EN(3),0.012199165,0.000581457,1,0,0,0,1,0,0,1,0,0,0,0,0,0,0,0.083672057,0.011817649,0.992501245,0.970910167,0.096938461,0.123475711,0.937854135,0.372026337,0.108815432,0.022264375,0.924058496,0.430665396
LR-EN(3),0.00011604,0.073767163,1,1,0,0,1,0,0,0,0,0,0,0,0,0,0,0.056366211,0.006208526,0.996052444,0.984413836,0.060359085,0.081709068,0.961550028,0.75111363,0.063283977,0.008096198,0.962460988,0.799006832
LR-EN(3),0.000108602,0.011626874,1,1,0,0,1,0,0,0,0,0,0,0,0,0,0,0.056358918,0.006208453,0.9960526,0.984414007,0.060344785,0.081698048,0.961544872,0.751145958,0.063263377,0.00809267,0.962464769,0.799073557
LR-EN(3),0.000100623,0.004082434,1,1,0,0,1,0,0,0,0,0,0,0,0,0,0,0.056354937,0.006208416,0.996052682,0.98441409,0.060337204,0.081692407,0.961541498,0.751159273,0.063252961,0.008091003,0.962466417,0.799104201
LR-EN(3),0.000100231,0.002564122,1,1,0,0,1,0,0,0,0,0,0,0,0,0,0,0.056354682,0.006208414,0.996052688,0.984414095,0.060336714,0.081692038,0.961541294,0.751160244,0.063252268,0.008090888,0.962466534,0.799106341
LR-EN(4),0.000194102,0.705600682,1,1,1,0,1,0,0,0,0,0,0,0,0,0,0,0.056113272,0.006177758,0.996068182,0.984481345,0.060236942,0.081671356,0.961714609,0.752980072,0.06306801,0.008044143,0.962834585,0.801911592
LR-EN(4),0.000110669,0.437266735,1,1,0,0,1,0,0,0,0,0,1,0,0,0,0,0.055958905,0.006061977,0.99614076,0.984760449,0.060019159,0.080928052,0.962003846,0.754722702,0.06301917,0.00796014,0.963064194,0.801712359
LR-EN(4),0.000211976,0.032356002,1,1,0,1,1,0,0,0,0,0,0,0,0,0,0,0.05628674,0.006199252,0.996056526,0.984432309,0.060350174,0.081712275,0.961614991,0.752268074,0.063256294,0.008079324,0.962628547,0.800552592
LR-EN(4),0.000146479,0.199810052,1,1,1,0,1,0,0,0,0,0,0,0,0,0,0,0.056017345,0.006175901,0.99607054,0.984485839,0.060059584,0.081537977,0.961659978,0.753366635,0.062821728,0.008001294,0.962885607,0.802789364
LR-EN(4),0.000112182,0.010768417,1,1,1,0,1,0,0,0,0,0,0,0,0,0,0,0.055986946,0.006175545,0.99607113,0.984486646,0.060009905,0.081504109,0.961628144,0.753441225,0.062754126,0.007991395,0.962889718,0.803039538
LR-EN(4),0.000105657,0.037115341,1,1,1,0,1,0,0,0,0,0,0,0,0,0,0,0.055984615,0.006175527,0.996071182,0.984486685,0.060005406,0.0815008,0.961626683,0.75343912,0.06274651,0.00799002,0.962891693,0.803048986
LR-EN(4),0.000109011,0.00053696,1,1,0,0,1,0,0,0,0,0,1,0,0,0,0,0.05593416,0.006061656,0.996141382,0.984761234,0.059964634,0.080882372,0.961988292,0.754876177,0.062941571,0.007945136,0.963083143,0.802006568
LR-EN(4),0.000814742,0.028026453,1,0,1,0,1,1,0,0,0,0,0,0,0,0,0,0.066406718,0.008055693,0.994898891,0.97994759,0.071917387,0.094618029,0.952213629,0.645452733,0.077146452,0.011650548,0.949492339,0.699988947
LR-EN(4),0.000262032,0.429152893,1,1,0,1,1,0,0,0,0,0,0,0,0,0,0,0.056376385,0.006201463,0.996053992,0.984427017,0.060519904,0.081844904,0.961661387,0.751744554,0.063489389,0.008122497,0.962562575,0.799519685
LR-EN(4),0.000100176,0.004363541,1,1,0,0,1,0,0,0,0,0,1,0,0,0,0,0.055930563,0.006061622,0.996141456,0.98476131,0.059957567,0.080877023,0.961984811,0.75488593,0.062932667,0.007943713,0.963084579,0.802032946
LR-EN(4),0.001832994,0.102379152,1,1,0,0,1,0,0,0,0,0,0,0,1,0,0,0.057448428,0.006253319,0.996015214,0.984314666,0.063030617,0.083771766,0.962045585,0.743451871,0.0674646,0.008750352,0.961358076,0.788888669
LR-EN(4),0.000119626,0.164353868,1,1,1,0,1,0,0,0,0,0,0,0,0,0,0,0.055997893,0.006175668,0.996070938,0.984486374,0.06002512,0.081512981,0.961643833,0.75340758,0.062773493,0.007993584,0.962892236,0.80293274
LR-EN(4),0.000100407,0.113239533,1,0,1,0,1,1,0,0,0,0,0,0,0,0,0,0.066148734,0.008045772,0.99490892,0.97996952,0.071491983,0.094194898,0.951901298,0.644348124,0.076526625,0.011518707,0.949569888,0.701694964
LR-EN(4),0.000173426,0.10305104,1,1,0,1,1,0,0,0,0,0,0,0,0,0,0,0.056274419,0.006199045,0.99605681,0.984432754,0.060327478,0.081695676,0.961603577,0.752283152,0.063228727,0.008075327,0.962632281,0.800615079
LR-EN(4),0.000144082,0.190589924,1,1,1,0,1,0,0,0,0,0,0,0,0,0,0,0.05601498,0.006175871,0.996070589,0.984485911,0.06005533,0.081534896,0.961658176,0.753372938,0.062815696,0.008000301,0.962886566,0.802808357
LR-EN(5),0.000361611,0.194665496,1,1,1,1,1,0,0,0,0,0,0,0,0,0,0,0.056151971,0.006177516,0.99606831,0.984484168,0.060365455,0.081787772,0.961717802,0.75280388,0.063212096,0.008065256,0.962784413,0.801454646
LR-EN(5),0.000250172,0.337518825,1,1,1,1,1,0,0,0,0,0,0,0,0,0,0,0.05610227,0.006176088,0.996069733,0.984487334,0.060279799,0.081723135,0.961682636,0.752932861,0.063100756,0.008047934,0.962805064,0.80179116
LR-EN(5),0.000382204,0.099132363,1,1,0,0,1,0,0,0,0,0,0,1,1,0,0,0.056204997,0.00606309,0.996158649,0.984833192,0.061716634,0.082457137,0.961187504,0.743807497,0.066375269,0.008557601,0.960332429,0.787031345
LR-EN(5),0.001565219,0.002066648,1,1,0,1,1,0,1,0,0,0,0,0,0,0,0,0.055202031,0.005867673,0.99627153,0.985296316,0.059389466,0.079791899,0.96116322,0.750028816,0.062856285,0.007986947,0.961912449,0.796690864
LR-EN(5),0.000406252,0.275608865,1,1,1,0,1,1,0,0,0,0,0,0,0,0,0,0.055204854,0.006000349,0.996186877,0.984947012,0.059282043,0.080379418,0.96147062,0.752933285,0.062168918,0.007882846,0.962636167,0.80194647
LR-EN(5),0.000134857,0.245353459,1,1,1,0,1,1,0,0,0,0,0,0,0,0,0,0.055043711,0.005997095,0.996190968,0.984954564,0.059012033,0.080185959,0.961333585,0.753213362,0.061790765,0.007820094,0.962702297,0.803150381
LR-EN(5),0.000115179,0.185433352,1,1,0,1,1,0,1,0,0,0,0,0,0,0,0,0.054528395,0.005830537,0.996299395,0.985377726,0.058414954,0.078998459,0.960999837,0.753295972,0.061586904,0.007741484,0.962455638,0.802218215
LR-EN(5),0.000147554,0.170035611,1,1,0,1,1,0,1,0,0,0,0,0,0,0,0,0.054540047,0.005830604,0.996299167,0.985377566,0.058436127,0.07901393,0.961013753,0.753267695,0.061615922,0.007747356,0.962447025,0.802093907
LR-EN(5),0.000101596,0.565113281,1,1,1,0,1,1,0,0,0,0,0,0,0,0,0,0.055046777,0.005997276,0.996190819,0.984954136,0.059020305,0.080198317,0.961349823,0.753306315,0.061804568,0.007822802,0.962715026,0.803164749
LR-EN(5),0.000319741,0.096485178,1,1,0,1,1,0,1,0,0,0,0,0,0,0,0,0.054610751,0.005831633,0.99629764,0.98537527,0.058545411,0.079090899,0.961061449,0.753029352,0.061766319,0.007775097,0.962395497,0.801472955
LR-EN(5),0.000240703,0.114845361,1,1,1,0,1,1,0,0,0,0,0,0,0,0,0,0.055081135,0.00599751,0.996190218,0.984953663,0.059071498,0.080220678,0.96135522,0.753073488,0.061871558,0.007832884,0.962675069,0.802846073
LR-EN(5),0.000318541,0.15534933,1,1,0,1,1,0,1,0,0,0,0,0,0,0,0,0.054620543,0.005831819,0.996297356,0.985374792,0.05856234,0.079106731,0.961086668,0.753091448,0.0617934,0.00778058,0.962397178,0.801388496
LR-EN(5),0.000115777,0.223399173,1,1,0,1,1,0,1,0,0,0,0,0,0,0,0,0.05452839,0.005830553,0.996299356,0.985377684,0.058417916,0.079002047,0.961006805,0.753312072,0.06159127,0.007742899,0.962456291,0.802197258
LR-EN(5),0.000767391,0.124402403,1,1,0,1,1,0,1,0,0,0,0,0,0,0,0,0.054839691,0.005840488,0.996289728,0.985355293,0.058899577,0.079375849,0.961213008,0.752296293,0.062247314,0.007867823,0.962241738,0.799507865
LR-EN(5),0.000356111,0.165299112,1,1,1,0,1,1,0,0,0,0,0,0,0,0,0,0.055147977,0.005998901,0.996188516,0.984950508,0.059183229,0.080300204,0.961411919,0.752964812,0.062027066,0.007858606,0.962648426,0.80235652
LR-EN(7),0.000547218,0.075862803,1,1,0,1,1,0,1,0,0,0,0,1,1,0,0,0.054555006,0.00576213,0.996349302,0.985580108,0.059505029,0.079789967,0.961220013,0.752158957,0.063820339,0.008065815,0.96135296,0.796576978
LR-EN(7),0.00011614,0.213384502,1,1,1,0,1,1,0,1,0,0,1,0,0,0,0,0.054255316,0.005680914,0.996389604,0.985731307,0.058837744,0.078812657,0.962054264,0.75148198,0.062120128,0.00783392,0.962616917,0.794438905
LR-EN(7),0.000111136,0.257842255,1,1,1,1,1,1,0,0,1,0,0,0,0,0,0,0.054888652,0.005963497,0.99621184,0.985035722,0.059035574,0.080186756,0.961171343,0.753278849,0.061853086,0.007809984,0.962648043,0.803556789
LR-EN(7),0.000509128,0.605265848,1,1,1,1,1,0,1,0,0,0,1,0,0,0,0,0.054082149,0.005629917,0.99641879,0.985862881,0.058198459,0.078133333,0.961974976,0.757546723,0.061776685,0.007690135,0.962863997,0.801632323
LR-EN(7),0.000253619,0.111096841,1,1,0,1,1,0,1,0,1,0,1,0,0,0,0,0.053861321,0.005612881,0.99643345,0.985905685,0.057880551,0.077769424,0.961462687,0.756692167,0.061382214,0.007613625,0.962651741,0.801866118
LR-EN(7),0.000147566,0.219481075,1,1,1,0,1,1,0,0,0,0,0,1,1,0,0,0.054793988,0.00588226,0.99627509,0.985281601,0.059818575,0.080614154,0.961318387,0.751467049,0.063696543,0.008067484,0.96160857,0.798386149
LR-EN(7),0.000128826,0.217714511,1,1,1,1,1,0,1,0,1,0,0,0,0,0,0,0.054217066,0.005788542,0.996325264,0.985479285,0.058299772,0.07895729,0.96097238,0.754246181,0.061328022,0.007702492,0.962530008,0.803091099
LR-EN(7),0.000856335,0.604564759,1,1,1,1,1,1,0,0,0,0,0,0,0,0,1,0.055695416,0.006007833,0.996175476,0.984925258,0.060626945,0.081484144,0.961990605,0.750274979,0.064342195,0.008232411,0.962133422,0.796852832
LR-EN(7),0.000367866,0.213735499,1,1,0,1,1,1,1,0,0,1,0,0,0,0,0,0.054596074,0.005820901,0.996302472,0.985397717,0.059028023,0.079635009,0.961015754,0.751686813,0.061932302,0.007809935,0.96237927,0.800890131
LR-EN(7),0.000173648,0.203406181,1,1,1,1,1,1,1,0,0,0,0,0,0,0,0,0.054308017,0.005802076,0.996317138,0.985449772,0.058377023,0.079007601,0.960883492,0.75231725,0.061332719,0.007707629,0.962496659,0.802854036
LR-EN(7),0.00114166,0.293128484,1,1,1,1,1,0,1,0,0,0,0,0,0,0,1,0.054995818,0.005838172,0.996286528,0.985357747,0.059666682,0.08015494,0.96176769,0.752160956,0.063629461,0.008084547,0.962027284,0.797074087
LR-EN(7),0.000329376,0.301768008,1,1,0,1,1,1,1,1,0,0,0,0,0,0,0,0.054201685,0.005716966,0.996370754,0.985664191,0.058846578,0.079193929,0.961378531,0.746197472,0.062526324,0.008057817,0.961446786,0.787289089
LR-EN(7),0.000222258,0.193201125,1,1,0,1,1,0,1,1,0,0,0,0,1,0,0,0.0540461,0.005697681,0.996382215,0.985704575,0.058942167,0.079175552,0.961876029,0.747729832,0.0634201,0.008180982,0.961326985,0.787394816
LR-EN(7),0.00017085,0.292459926,1,1,0,1,1,1,1,0,0,0,1,0,0,0,0,0.053947981,0.005630248,0.996422095,0.985861407,0.057918271,0.077846426,0.961527875,0.756563874,0.061323768,0.007597709,0.962809535,0.802732601
LR-EN(7),0.001757471,0.042897468,1,1,1,1,1,0,1,0,0,1,0,0,0,0,0,0.055121039,0.005852184,0.996279323,0.985331711,0.059801901,0.080310577,0.961208483,0.749823749,0.062928349,0.007999495,0.962051987,0.79733455
LR-EN(10),0.000378273,0.176949841,1,1,1,1,1,1,1,1,0,0,1,0,0,0,1,0.053427977,0.005494478,0.996508507,0.986203676,0.058437262,0.078005725,0.962116115,0.7493178,0.062866132,0.007961435,0.961742065,0.789024594
LR-EN(10),0.000410583,0.009304581,1,1,1,1,1,1,1,1,0,0,1,0,1,0,0,0.053388582,0.005492564,0.996509663,0.986206408,0.058298632,0.077821392,0.962193151,0.751721506,0.062798436,0.007914175,0.961968161,0.791448652
LR-EN(10),0.000245405,0.256175006,1,1,1,1,1,1,1,0,0,1,1,0,0,1,0,0.053719329,0.005579143,0.996454608,0.98599048,0.058480076,0.078397869,0.961206155,0.75465087,0.062489468,0.007703251,0.962418522,0.801258231
LR-EN(10),0.000353898,0.319905271,1,1,1,1,1,1,1,1,0,0,1,0,1,0,0,0.053436976,0.005493622,0.996508062,0.986203269,0.058469467,0.078006428,0.962284737,0.750562541,0.063077194,0.007994728,0.961770185,0.789002316
LR-EN(10),0.00043787,0.110553166,1,1,1,1,1,0,1,0,0,0,1,1,0,1,1,0.053865746,0.005561436,0.996472231,0.986060196,0.058784538,0.078492018,0.961550005,0.755580509,0.063080129,0.007807941,0.962155917,0.800393247
LR-EN(10),0.000128168,0.247071731,1,1,0,1,1,1,1,0,1,0,1,0,1,0,1,0.053738095,0.005595536,0.996442922,0.985941464,0.058293351,0.078227719,0.961465064,0.755450703,0.062249447,0.007732996,0.962296706,0.800057831
LR-EN(10),0.000139856,0.241461598,1,1,1,0,1,1,0,0,1,1,0,0,1,1,1,0.054607973,0.005861275,0.99628423,0.98531808,0.059877786,0.080831829,0.961439377,0.75347154,0.063927896,0.008084041,0.961481125,0.797870189
LR-EN(10),0.000439401,0.151053297,1,1,1,1,1,1,1,0,0,0,0,0,1,1,1,0.054145698,0.005728723,0.996369983,0.985660977,0.05905155,0.079600371,0.961251261,0.753451478,0.063323617,0.007973268,0.961549351,0.798386069
LR-EN(10),0.000454257,0.020291186,1,1,1,1,1,0,1,0,1,0,1,1,1,0,0,0.053708289,0.005538545,0.996486889,0.986116631,0.058613328,0.078324172,0.961674797,0.756820819,0.063162773,0.00783668,0.961948924,0.799462384
LR-EN(10),0.000116063,0.170096103,1,1,1,1,1,1,1,0,1,0,0,0,1,0,1,0.054105495,0.005766647,0.996338275,0.985530727,0.058764655,0.079404811,0.960861987,0.751531774,0.062215425,0.007839939,0.962062525,0.80072886
LR-EN(10),0.000271749,0.129458388,1,1,1,1,1,1,1,0,0,0,1,0,1,0,1,0.053742707,0.005592452,0.996445802,0.985955622,0.058233477,0.078089893,0.961376219,0.754152544,0.062007749,0.007679372,0.962404795,0.801083202
LR-EN(10),0.00012836,0.085731969,1,1,0,1,1,1,1,1,0,0,1,0,0,1,1,0.053378256,0.005469732,0.996528889,0.986276588,0.058749631,0.078431774,0.961839515,0.747455295,0.063905874,0.008177443,0.96043521,0.780811342
LR-EN(10),0.000174839,0.166679731,1,1,1,1,1,1,1,0,1,0,1,0,0,0,1,0.053580477,0.005573295,0.996458315,0.986002494,0.057990478,0.077873401,0.961463606,0.75615671,0.061768955,0.007628674,0.962594109,0.802471365
LR-EN(10),0.000180279,0.014096781,1,1,1,1,1,1,1,0,1,0,1,0,1,0,0,0.053549843,0.005571049,0.996459599,0.986006601,0.057947694,0.077809187,0.961481866,0.756635087,0.061870079,0.00763993,0.962558614,0.802477308
LR-EN(10),0.001443146,0.00464904,1,1,1,1,1,1,1,0,0,0,1,1,1,0,0,0.054217651,0.005576156,0.996464066,0.986042345,0.059351077,0.078904151,0.961465738,0.753024148,0.063928925,0.007969068,0.961507428,0.796320687
LR-EN(15),0.000100016,0.000230567,1,1,1,1,1,1,1,1,1,1,1,1,1,1,1,0.052722921,0.00534909,0.99661136,0.986597525,0.059182876,0.07882336,0.961734047,0.746290493,0.064383201,0.008310895,0.959980711,0.778520138
LR-EN(15),0.000100005,0.000227673,1,1,1,1,1,1,1,1,1,1,1,1,1,1,1,0.052722917,0.00534909,0.99661136,0.986597525,0.059182866,0.078823351,0.96173405,0.746290585,0.064383185,0.008310891,0.959980726,0.778520263
LR-EN(15),0.000100079,0.00023903,1,1,1,1,1,1,1,1,1,1,1,1,1,1,1,0.052722942,0.00534909,0.99661136,0.986597524,0.059182932,0.078823412,0.961734031,0.746290005,0.064383287,0.008310916,0.959980632,0.778519477
LR-EN(15),0.000100015,0.000180119,1,1,1,1,1,1,1,1,1,1,1,1,1,1,1,0.052722923,0.00534909,0.99661136,0.986597525,0.059182867,0.07882335,0.96173405,0.746290658,0.064383195,0.008310892,0.959980728,0.778520349
LR-EN(15),0.000100081,0.000140288,1,1,1,1,1,1,1,1,1,1,1,1,1,1,1,0.052722944,0.00534909,0.996611359,0.986597524,0.059182918,0.078823395,0.961734035,0.746290293,0.064383271,0.008310909,0.959980666,0.778519857
LR-EN(15),0.000100007,0.000131264,1,1,1,1,1,1,1,1,1,1,1,1,1,1,1,0.05272292,0.00534909,0.99661136,0.986597525,0.059182853,0.078823335,0.961734054,0.746290862,0.06438317,0.008310884,0.959980757,0.778520627
LR-EN(15),0.000100046,0.00013727,1,1,1,1,1,1,1,1,1,1,1,1,1,1,1,0.052722933,0.00534909,0.99661136,0.986597524,0.059182888,0.078823368,0.961734044,0.746290554,0.064383225,0.008310897,0.959980708,0.77852021
LR-EN(15),0.000100005,0.000144783,1,1,1,1,1,1,1,1,1,1,1,1,1,1,1,0.05272292,0.00534909,0.99661136,0.986597525,0.059182854,0.078823336,0.961734054,0.746290834,0.064383172,0.008310885,0.959980753,0.778520588
LR-EN(15),0.000100017,0.000116075,1,1,1,1,1,1,1,1,1,1,1,1,1,1,1,0.052722923,0.00534909,0.99661136,0.986597525,0.059182859,0.07882334,0.961734053,0.746290836,0.064383179,0.008310886,0.959980752,0.778520592
LR-EN(15),0.000100017,0.000507317,1,1,1,1,1,1,1,1,1,1,1,1,1,1,1,0.052722932,0.00534909,0.99661136,0.986597525,0.05918292,0.07882341,0.961734032,0.746289642,0.064383302,0.008310928,0.959980587,0.778518951
LR-EN(15),0.000100002,0.000424179,1,1,1,1,1,1,1,1,1,1,1,1,1,1,1,0.052722924,0.00534909,0.99661136,0.986597525,0.059182895,0.078823383,0.96173404,0.746290005,0.064383252,0.008310913,0.959980641,0.778519453
LR-EN(15),0.000100004,0.000142078,1,1,1,1,1,1,1,1,1,1,1,1,1,1,1,0.052722919,0.00534909,0.99661136,0.986597525,0.059182852,0.078823334,0.961734054,0.746290853,0.064383169,0.008310884,0.959980756,0.778520614
LR-EN(15),0.000100009,0.000156492,1,1,1,1,1,1,1,1,1,1,1,1,1,1,1,0.052722921,0.00534909,0.99661136,0.986597525,0.059182858,0.078823341,0.961734052,0.746290775,0.06438318,0.008310887,0.959980745,0.778520508
LR-EN(15),0.000100006,0.000152454,1,1,1,1,1,1,1,1,1,1,1,1,1,1,1,0.05272292,0.00534909,0.99661136,0.986597525,0.059182856,0.078823338,0.961734053,0.746290804,0.064383176,0.008310886,0.959980749,0.778520548
LR-EN(15),0.000100013,0.000186888,1,1,1,1,1,1,1,1,1,1,1,1,1,1,1,0.052722923,0.00534909,0.99661136,0.986597525,0.059182866,0.07882335,0.96173405,0.746290652,0.064383194,0.008310892,0.959980728,0.778520341
